{"Politische \u00d6konomie": {"bernstein": {"bernstein": NaN, "gramsci": NaN, "kautsky": 0.5825548822447226, "lenin": 0.5284420120029343, "luxemburg": 0.4830620416957414, "mao": 0.47311020405350707, "marx_engels": 0.4673745507027434, "stalin": 0.4864637637419756, "thaelmann": NaN, "trotzki": 0.5834853036892658}, "gramsci": {"gramsci": NaN, "kautsky": NaN, "lenin": NaN, "luxemburg": NaN, "mao": NaN, "marx_engels": NaN, "stalin": NaN, "thaelmann": NaN, "trotzki": NaN}, "kautsky": {"kautsky": NaN, "lenin": 0.47912417673882857, "luxemburg": 0.43179398471565206, "mao": 0.38965398281970104, "marx_engels": 0.6380142779335707, "stalin": 0.561332601950966, "thaelmann": NaN, "trotzki": 0.5306857758638673}, "lenin": {"lenin": NaN, "luxemburg": 0.4300840645773065, "mao": 0.482420846999616, "marx_engels": 0.3565100025513015, "stalin": 0.57328758340209, "thaelmann": NaN, "trotzki": 0.5011734958452317}, "luxemburg": {"luxemburg": NaN, "mao": 0.36586311178826997, "marx_engels": 0.28518792376790864, "stalin": 0.4136392907623548, "thaelmann": NaN, "trotzki": 0.4921232766028855}, "mao": {"mao": NaN, "marx_engels": 0.30444248846863436, "stalin": 0.5560017133518317, "thaelmann": NaN, "trotzki": 0.6059059515715153}, "marx_engels": {"marx_engels": NaN, "stalin": 0.4463422624485533, "thaelmann": NaN, "trotzki": 0.42855410652643394}, "stalin": {"stalin": NaN, "thaelmann": NaN, "trotzki": 0.6314967282672951}, "thaelmann": {"thaelmann": NaN, "trotzki": NaN}, "trotzki": {"trotzki": NaN}}, "Philosophie": {"bernstein": {"bernstein": NaN, "gramsci": NaN, "kautsky": 0.6530157425595374, "lenin": 0.5232032468822032, "luxemburg": 0.5738037596888051, "mao": 0.43567215466862264, "marx_engels": 0.5067388594217095, "stalin": 0.4103388438667164, "thaelmann": NaN, "trotzki": 0.5575581394455914}, "gramsci": {"gramsci": NaN, "kautsky": NaN, "lenin": NaN, "luxemburg": NaN, "mao": NaN, "marx_engels": NaN, "stalin": NaN, "thaelmann": NaN, "trotzki": NaN}, "kautsky": {"kautsky": NaN, "lenin": 0.5574963782156277, "luxemburg": 0.49997049470053767, "mao": 0.4641296299871757, "marx_engels": 0.6136123537534647, "stalin": 0.5650302365832484, "thaelmann": NaN, "trotzki": 0.6290810474763563}, "lenin": {"lenin": NaN, "luxemburg": 0.5296007717319563, "mao": 0.4556699234402632, "marx_engels": 0.44351397604538983, "stalin": 0.47141226889823723, "thaelmann": NaN, "trotzki": 0.599448410999765}, "luxemburg": {"luxemburg": NaN, "mao": 0.44324000990914286, "marx_engels": 0.41371314778153073, "stalin": 0.392162902835454, "thaelmann": NaN, "trotzki": 0.5497513759883059}, "mao": {"mao": NaN, "marx_engels": 0.4747195562103033, "stalin": 0.5276354264371466, "thaelmann": NaN, "trotzki": 0.5637321322140266}, "marx_engels": {"marx_engels": NaN, "stalin": 0.5236721373374699, "thaelmann": NaN, "trotzki": 0.5948130903463849}, "stalin": {"stalin": NaN, "thaelmann": NaN, "trotzki": 0.6397287440840226}, "thaelmann": {"thaelmann": NaN, "trotzki": NaN}, "trotzki": {"trotzki": NaN}}, "Staatstheorie": {"bernstein": {"bernstein": NaN, "gramsci": NaN, "kautsky": NaN, "lenin": NaN, "luxemburg": NaN, "mao": NaN, "marx_engels": NaN, "stalin": NaN, "thaelmann": NaN, "trotzki": NaN}, "gramsci": {"gramsci": NaN, "kautsky": NaN, "lenin": NaN, "luxemburg": NaN, "mao": NaN, "marx_engels": NaN, "stalin": NaN, "thaelmann": NaN, "trotzki": NaN}, "kautsky": {"kautsky": NaN, "lenin": 0.47869209246462036, "luxemburg": NaN, "mao": 0.37245003737408977, "marx_engels": 0.6140968049645318, "stalin": 0.43401562840239577, "thaelmann": NaN, "trotzki": 0.5033298165744445}, "lenin": {"lenin": NaN, "luxemburg": NaN, "mao": 0.4050385095700908, "marx_engels": 0.4835847953942361, "stalin": 0.4695754983477864, "thaelmann": NaN, "trotzki": 0.5245117121641067}, "luxemburg": {"luxemburg": NaN, "mao": NaN, "marx_engels": NaN, "stalin": NaN, "thaelmann": NaN, "trotzki": NaN}, "mao": {"mao": NaN, "marx_engels": 0.36954625093237986, "stalin": 0.391718410661289, "thaelmann": NaN, "trotzki": 0.4304119616156424}, "marx_engels": {"marx_engels": NaN, "stalin": 0.39173738426768384, "thaelmann": NaN, "trotzki": 0.4704983232763921}, "stalin": {"stalin": NaN, "thaelmann": NaN, "trotzki": 0.5416100821316702}, "thaelmann": {"thaelmann": NaN, "trotzki": NaN}, "trotzki": {"trotzki": NaN}}, "Sozialismusverst\u00e4ndnis": {"bernstein": {"bernstein": NaN, "gramsci": 0.5264448235342191, "kautsky": 0.7152407406116252, "lenin": 0.555085313541502, "luxemburg": 0.5917730324208672, "mao": 0.5056710142394347, "marx_engels": 0.5817006714087665, "stalin": 0.4384310722054349, "thaelmann": 0.39792078447864315, "trotzki": 0.5191061026761827}, "gramsci": {"gramsci": NaN, "kautsky": 0.4834639326975472, "lenin": 0.4338747787727135, "luxemburg": 0.6109446631460267, "mao": 0.4598139107263026, "marx_engels": 0.32702521938230267, "stalin": 0.33581790355281016, "thaelmann": 0.6760403245920952, "trotzki": 0.4637068051437173}, "kautsky": {"kautsky": NaN, "lenin": 0.5783364363837199, "luxemburg": 0.5628290420259621, "mao": 0.4984472729019276, "marx_engels": 0.5699830696341459, "stalin": 0.5048759453706797, "thaelmann": 0.4827458464061917, "trotzki": 0.6150282351409198}, "lenin": {"lenin": NaN, "luxemburg": 0.5909076666639161, "mao": 0.5676322994400125, "marx_engels": 0.49620821849428465, "stalin": 0.4735052742606035, "thaelmann": 0.5211722049728863, "trotzki": 0.6049203429745877}, "luxemburg": {"luxemburg": NaN, "mao": 0.4847090546150713, "marx_engels": 0.45462211495443194, "stalin": 0.4012641386874208, "thaelmann": 0.5671413323540835, "trotzki": 0.4660868214336628}, "mao": {"mao": NaN, "marx_engels": 0.4441286019328946, "stalin": 0.4787887506673764, "thaelmann": 0.44922289925192954, "trotzki": 0.5936317225912336}, "marx_engels": {"marx_engels": NaN, "stalin": 0.3210503670254831, "thaelmann": 0.3427639240349786, "trotzki": 0.4642882706122869}, "stalin": {"stalin": NaN, "thaelmann": 0.3603764351991219, "trotzki": 0.6495559136821087}, "thaelmann": {"thaelmann": NaN, "trotzki": 0.46017212163543064}, "trotzki": {"trotzki": NaN}}, "Strategie und Taktik": {"bernstein": {"bernstein": NaN, "gramsci": NaN, "kautsky": NaN, "lenin": NaN, "luxemburg": NaN, "mao": NaN, "marx_engels": NaN, "stalin": NaN, "thaelmann": NaN, "trotzki": NaN}, "gramsci": {"gramsci": NaN, "kautsky": NaN, "lenin": NaN, "luxemburg": NaN, "mao": NaN, "marx_engels": NaN, "stalin": NaN, "thaelmann": NaN, "trotzki": NaN}, "kautsky": {"kautsky": NaN, "lenin": 0.5351075944006888, "luxemburg": 0.5253711957034963, "mao": 0.44559615191794316, "marx_engels": 0.6384383489458365, "stalin": 0.3549319781074525, "thaelmann": NaN, "trotzki": 0.528335678659706}, "lenin": {"lenin": NaN, "luxemburg": 0.4957179557954987, "mao": 0.44908502329166505, "marx_engels": 0.4174550998036089, "stalin": 0.4419531274232266, "thaelmann": NaN, "trotzki": 0.4901724840590269}, "luxemburg": {"luxemburg": NaN, "mao": 0.34656430196982235, "marx_engels": 0.38632132572972716, "stalin": 0.2892185739482819, "thaelmann": NaN, "trotzki": 0.41932168460943237}, "mao": {"mao": NaN, "marx_engels": 0.40935938936703636, "stalin": 0.4570765630424895, "thaelmann": NaN, "trotzki": 0.5209722964225261}, "marx_engels": {"marx_engels": NaN, "stalin": 0.39959706349247437, "thaelmann": NaN, "trotzki": 0.4826023397437365}, "stalin": {"stalin": NaN, "thaelmann": NaN, "trotzki": 0.5546518236354548}, "thaelmann": {"thaelmann": NaN, "trotzki": NaN}, "trotzki": {"trotzki": NaN}}}