{"Philosophie": {"marx_engels": {"stalin": 7.333333333333333, "trotzki": 5.333333333333333, "kautsky": 4.333333333333333}, "stalin": {"trotzki": 6.0, "kautsky": 5.0}, "trotzki": {"kautsky": 6.0}}, "Politische \u00d6konomie": {"marx_engels": {"stalin": 7.666666666666667, "trotzki": 6.666666666666667, "kautsky": 5.666666666666667}, "stalin": {"trotzki": 7.0, "kautsky": 5.666666666666667}, "trotzki": {"kautsky": 6.333333333333333}}, "Sozialismusverst\u00e4ndnis": {"marx_engels": {"stalin": 7.666666666666667, "trotzki": 5.333333333333333, "kautsky": 4.0}, "stalin": {"trotzki": 5.333333333333333, "kautsky": 4.0}, "trotzki": {"kautsky": 5.666666666666667}}, "Staatstheorie": {"marx_engels": {"stalin": 8.333333333333334, "trotzki": 4.0, "kautsky": 3.3333333333333335}, "stalin": {"trotzki": 4.333333333333333, "kautsky": 3.6666666666666665}, "trotzki": {"kautsky": 4.333333333333333}}, "Strategie und Taktik": {"marx_engels": {"stalin": 7.333333333333333, "trotzki": 4.333333333333333, "kautsky": 3.6666666666666665}, "stalin": {"trotzki": 3.3333333333333335, "kautsky": 2.6666666666666665}, "trotzki": {"kautsky": 4.333333333333333}}}