{"Politische \u00d6konomie": {"bernstein": {"bernstein": NaN, "gramsci": NaN, "kautsky": 0.5825548822447226, "lenin": 0.5284420120029343, "luxemburg": 0.4830620416957414, "mao": 0.47311020405350707, "marx_engels": 0.5557567409564523, "stalin": 0.49191120639819513, "thaelmann": NaN, "trotzki": 0.5834853036892658}, "gramsci": {"gramsci": NaN, "kautsky": NaN, "lenin": NaN, "luxemburg": NaN, "mao": NaN, "marx_engels": NaN, "stalin": NaN, "thaelmann": NaN, "trotzki": NaN}, "kautsky": {"kautsky": NaN, "lenin": 0.47912417673882857, "luxemburg": 0.43179398471565206, "mao": 0.38965398281970104, "marx_engels": 0.6906288031387574, "stalin": 0.580452624175039, "thaelmann": NaN, "trotzki": 0.5306857758638673}, "lenin": {"lenin": NaN, "luxemburg": 0.4300840645773065, "mao": 0.482420846999616, "marx_engels": 0.43700517846679143, "stalin": 0.5920887451830835, "thaelmann": NaN, "trotzki": 0.5011734958452317}, "luxemburg": {"luxemburg": NaN, "mao": 0.36586311178826997, "marx_engels": 0.36291749574240395, "stalin": 0.43735659906890895, "thaelmann": NaN, "trotzki": 0.4921232766028855}, "mao": {"mao": NaN, "marx_engels": 0.40427345149308974, "stalin": 0.5819437720375994, "thaelmann": NaN, "trotzki": 0.6059059515715153}, "marx_engels": {"marx_engels": NaN, "stalin": 0.5174056862157707, "thaelmann": NaN, "trotzki": 0.5126159704891095}, "stalin": {"stalin": NaN, "thaelmann": NaN, "trotzki": 0.6561680467934213}, "thaelmann": {"thaelmann": NaN, "trotzki": NaN}, "trotzki": {"trotzki": NaN}}, "Philosophie": {"bernstein": {"bernstein": NaN, "gramsci": NaN, "kautsky": 0.6530157425595374, "lenin": 0.5232032468822032, "luxemburg": 0.5738037596888051, "mao": 0.43567215466862264, "marx_engels": 0.506027105506931, "stalin": 0.40310796867820803, "thaelmann": NaN, "trotzki": 0.5575581394455914}, "gramsci": {"gramsci": NaN, "kautsky": NaN, "lenin": NaN, "luxemburg": NaN, "mao": NaN, "marx_engels": NaN, "stalin": NaN, "thaelmann": NaN, "trotzki": NaN}, "kautsky": {"kautsky": NaN, "lenin": 0.5574963782156277, "luxemburg": 0.49997049470053767, "mao": 0.4641296299871757, "marx_engels": 0.6579825270364371, "stalin": 0.5769275022283527, "thaelmann": NaN, "trotzki": 0.6290810474763563}, "lenin": {"lenin": NaN, "luxemburg": 0.5296007717319563, "mao": 0.4556699234402632, "marx_engels": 0.4762978847027104, "stalin": 0.46973312732794215, "thaelmann": NaN, "trotzki": 0.599448410999765}, "luxemburg": {"luxemburg": NaN, "mao": 0.44324000990914286, "marx_engels": 0.4526063115192063, "stalin": 0.39559821925672084, "thaelmann": NaN, "trotzki": 0.5497513759883059}, "mao": {"mao": NaN, "marx_engels": 0.5267662629633961, "stalin": 0.5473587770681874, "thaelmann": NaN, "trotzki": 0.5637321322140266}, "marx_engels": {"marx_engels": NaN, "stalin": 0.5805159715447109, "thaelmann": NaN, "trotzki": 0.6231132809856704}, "stalin": {"stalin": NaN, "thaelmann": NaN, "trotzki": 0.6495456180976759}, "thaelmann": {"thaelmann": NaN, "trotzki": NaN}, "trotzki": {"trotzki": NaN}}, "Staatstheorie": {"bernstein": {"bernstein": NaN, "gramsci": NaN, "kautsky": NaN, "lenin": NaN, "luxemburg": NaN, "mao": NaN, "marx_engels": NaN, "stalin": NaN, "thaelmann": NaN, "trotzki": NaN}, "gramsci": {"gramsci": NaN, "kautsky": NaN, "lenin": NaN, "luxemburg": NaN, "mao": NaN, "marx_engels": NaN, "stalin": NaN, "thaelmann": NaN, "trotzki": NaN}, "kautsky": {"kautsky": NaN, "lenin": 0.4918696155580429, "luxemburg": NaN, "mao": 0.3883705056169058, "marx_engels": 0.6778867970416682, "stalin": 0.5598249734331283, "thaelmann": NaN, "trotzki": 0.5220083709969087}, "lenin": {"lenin": NaN, "luxemburg": NaN, "mao": 0.4050385095700908, "marx_engels": 0.5575387375028303, "stalin": 0.5971197100483625, "thaelmann": NaN, "trotzki": 0.5358245018906433}, "luxemburg": {"luxemburg": NaN, "mao": NaN, "marx_engels": NaN, "stalin": NaN, "thaelmann": NaN, "trotzki": NaN}, "mao": {"mao": NaN, "marx_engels": 0.4364768826344516, "stalin": 0.512182588760051, "thaelmann": NaN, "trotzki": 0.4394587769268794}, "marx_engels": {"marx_engels": NaN, "stalin": 0.3652513587299826, "thaelmann": NaN, "trotzki": 0.5740484348777639}, "stalin": {"stalin": NaN, "thaelmann": NaN, "trotzki": 0.6556410360936378}, "thaelmann": {"thaelmann": NaN, "trotzki": NaN}, "trotzki": {"trotzki": NaN}}, "Sozialismusverst\u00e4ndnis": {"bernstein": {"bernstein": NaN, "gramsci": 0.5264448235342191, "kautsky": 0.7152407406116252, "lenin": 0.555085313541502, "luxemburg": 0.5917730324208672, "mao": 0.5056710142394347, "marx_engels": 0.654888537334662, "stalin": 0.5183765077190965, "thaelmann": 0.39792078447864315, "trotzki": 0.5194604111537438}, "gramsci": {"gramsci": NaN, "kautsky": 0.4834639326975472, "lenin": 0.4338747787727135, "luxemburg": 0.6109446631460267, "mao": 0.4598139107263026, "marx_engels": 0.34254222042021043, "stalin": 0.27584584200920714, "thaelmann": 0.6760403245920952, "trotzki": 0.46989791852026563}, "kautsky": {"kautsky": NaN, "lenin": 0.5783364363837199, "luxemburg": 0.5628290420259621, "mao": 0.4984472729019276, "marx_engels": 0.6553217218171127, "stalin": 0.6450520211956112, "thaelmann": 0.4827458464061917, "trotzki": 0.623710210169376}, "lenin": {"lenin": NaN, "luxemburg": 0.5909076666639161, "mao": 0.5676322994400125, "marx_engels": 0.5461545225688255, "stalin": 0.5922712909528935, "thaelmann": 0.5211722049728863, "trotzki": 0.6218895275643928}, "luxemburg": {"luxemburg": NaN, "mao": 0.4847090546150713, "marx_engels": 0.469978045269306, "stalin": 0.43893386729268974, "thaelmann": 0.5671413323540835, "trotzki": 0.4625171754750405}, "mao": {"mao": NaN, "marx_engels": 0.5284643316897326, "stalin": 0.6159719807042712, "thaelmann": 0.44922289925192954, "trotzki": 0.6072019455580893}, "marx_engels": {"marx_engels": NaN, "stalin": 0.47367791625915356, "thaelmann": 0.38966914422556986, "trotzki": 0.5598719712654956}, "stalin": {"stalin": NaN, "thaelmann": 0.3843184273207891, "trotzki": 0.796704393672622}, "thaelmann": {"thaelmann": NaN, "trotzki": 0.47698242138705477}, "trotzki": {"trotzki": NaN}}, "Strategie und Taktik": {"bernstein": {"bernstein": NaN, "gramsci": NaN, "kautsky": NaN, "lenin": NaN, "luxemburg": NaN, "mao": NaN, "marx_engels": NaN, "stalin": NaN, "thaelmann": NaN, "trotzki": NaN}, "gramsci": {"gramsci": NaN, "kautsky": NaN, "lenin": NaN, "luxemburg": NaN, "mao": NaN, "marx_engels": NaN, "stalin": NaN, "thaelmann": NaN, "trotzki": NaN}, "kautsky": {"kautsky": NaN, "lenin": 0.5357215188998926, "luxemburg": 0.5265387997026777, "mao": 0.44614062147364536, "marx_engels": 0.700837004059233, "stalin": 0.38985600536859616, "thaelmann": NaN, "trotzki": 0.5474705657093993}, "lenin": {"lenin": NaN, "luxemburg": 0.4957179557954987, "mao": 0.44908502329166505, "marx_engels": 0.49149685719824654, "stalin": 0.48560335331177157, "thaelmann": NaN, "trotzki": 0.5201701021249548}, "luxemburg": {"luxemburg": NaN, "mao": 0.34656430196982235, "marx_engels": 0.4273093659979299, "stalin": 0.2887863959559768, "thaelmann": NaN, "trotzki": 0.4241554497629878}, "mao": {"mao": NaN, "marx_engels": 0.49665544796793065, "stalin": 0.6020882838539642, "thaelmann": NaN, "trotzki": 0.5485300966724952}, "marx_engels": {"marx_engels": NaN, "stalin": 0.4267557715750605, "thaelmann": NaN, "trotzki": 0.5030450244070249}, "stalin": {"stalin": NaN, "thaelmann": NaN, "trotzki": 0.6429264481822011}, "thaelmann": {"thaelmann": NaN, "trotzki": NaN}, "trotzki": {"trotzki": NaN}}}