{"Politische \u00d6konomie": {"bernstein": {"bernstein": NaN, "gramsci": NaN, "kautsky": 0.15096998583333332, "lenin": 0.15542037333333336, "luxemburg": 0.11854909194444442, "mao": 0.1224516352777778, "marx_engels": 0.08707079694444442, "stalin": 0.1197499111111111, "thaelmann": NaN, "trotzki": 0.12970680944444446}, "gramsci": {"gramsci": NaN, "kautsky": NaN, "lenin": NaN, "luxemburg": NaN, "mao": NaN, "marx_engels": NaN, "stalin": NaN, "thaelmann": NaN, "trotzki": NaN}, "kautsky": {"kautsky": NaN, "lenin": 0.11063939472222221, "luxemburg": 0.09364669388888887, "mao": 0.09196137249999999, "marx_engels": 0.15962359888888888, "stalin": 0.1297351855555556, "thaelmann": NaN, "trotzki": 0.1167858188888889}, "lenin": {"lenin": NaN, "luxemburg": 0.1100351086111111, "mao": 0.11957888472222222, "marx_engels": 0.06278591361111109, "stalin": 0.1446760922222223, "thaelmann": NaN, "trotzki": 0.11876067527777777}, "luxemburg": {"luxemburg": NaN, "mao": 0.08919293500000004, "marx_engels": 0.05177524944444445, "stalin": 0.08645911000000002, "thaelmann": NaN, "trotzki": 0.10137224388888888}, "mao": {"mao": NaN, "marx_engels": 0.05717836472222223, "stalin": 0.13129749861111112, "thaelmann": NaN, "trotzki": 0.1407952311111111}, "marx_engels": {"marx_engels": NaN, "stalin": 0.08439328611111108, "thaelmann": NaN, "trotzki": 0.07470650805555555}, "stalin": {"stalin": NaN, "thaelmann": NaN, "trotzki": 0.1525979852777778}, "thaelmann": {"thaelmann": NaN, "trotzki": NaN}, "trotzki": {"trotzki": NaN}}, "Philosophie": {"bernstein": {"bernstein": NaN, "gramsci": NaN, "kautsky": 0.1485249947222222, "lenin": 0.12327431111111109, "luxemburg": 0.11621879305555559, "mao": 0.10065099750000002, "marx_engels": 0.09113959444444447, "stalin": 0.08987229972222222, "thaelmann": NaN, "trotzki": 0.11451305666666667}, "gramsci": {"gramsci": NaN, "kautsky": NaN, "lenin": NaN, "luxemburg": NaN, "mao": NaN, "marx_engels": NaN, "stalin": NaN, "thaelmann": NaN, "trotzki": NaN}, "kautsky": {"kautsky": NaN, "lenin": 0.12683021944444445, "luxemburg": 0.08840437055555551, "mao": 0.11388023083333332, "marx_engels": 0.1260185425, "stalin": 0.12097122555555556, "thaelmann": NaN, "trotzki": 0.13520047916666666}, "lenin": {"lenin": NaN, "luxemburg": 0.12374845861111117, "mao": 0.12942695722222222, "marx_engels": 0.08694608555555557, "stalin": 0.11465435499999999, "thaelmann": NaN, "trotzki": 0.13853404972222227}, "luxemburg": {"luxemburg": NaN, "mao": 0.11684302916666671, "marx_engels": 0.06582960444444444, "stalin": 0.07885595055555554, "thaelmann": NaN, "trotzki": 0.11498366527777777}, "mao": {"mao": NaN, "marx_engels": 0.0911380613888889, "stalin": 0.13570777555555555, "thaelmann": NaN, "trotzki": 0.1513633452777778}, "marx_engels": {"marx_engels": NaN, "stalin": 0.09356696111111111, "thaelmann": NaN, "trotzki": 0.10914310333333334}, "stalin": {"stalin": NaN, "thaelmann": NaN, "trotzki": 0.14633930416666666}, "thaelmann": {"thaelmann": NaN, "trotzki": NaN}, "trotzki": {"trotzki": NaN}}, "Staatstheorie": {"bernstein": {"bernstein": NaN, "gramsci": NaN, "kautsky": NaN, "lenin": NaN, "luxemburg": NaN, "mao": NaN, "marx_engels": NaN, "stalin": NaN, "thaelmann": NaN, "trotzki": NaN}, "gramsci": {"gramsci": NaN, "kautsky": NaN, "lenin": NaN, "luxemburg": NaN, "mao": NaN, "marx_engels": NaN, "stalin": NaN, "thaelmann": NaN, "trotzki": NaN}, "kautsky": {"kautsky": NaN, "lenin": 0.12090613388888888, "luxemburg": NaN, "mao": 0.09960349694444444, "marx_engels": 0.11889023944444442, "stalin": 0.10135683583333333, "thaelmann": NaN, "trotzki": 0.12099587472222224}, "lenin": {"lenin": NaN, "luxemburg": NaN, "mao": 0.12527726111111112, "marx_engels": 0.07990085638888889, "stalin": 0.12126549111111112, "thaelmann": NaN, "trotzki": 0.14117771944444446}, "luxemburg": {"luxemburg": NaN, "mao": NaN, "marx_engels": NaN, "stalin": NaN, "thaelmann": NaN, "trotzki": NaN}, "mao": {"mao": NaN, "marx_engels": 0.06639824388888892, "stalin": 0.10815679416666667, "thaelmann": NaN, "trotzki": 0.12032636305555555}, "marx_engels": {"marx_engels": NaN, "stalin": 0.06583416055555558, "thaelmann": NaN, "trotzki": 0.07673048416666667}, "stalin": {"stalin": NaN, "thaelmann": NaN, "trotzki": 0.13875657333333333}, "thaelmann": {"thaelmann": NaN, "trotzki": NaN}, "trotzki": {"trotzki": NaN}}, "Sozialismusverst\u00e4ndnis": {"bernstein": {"bernstein": NaN, "gramsci": 0.1351192958333334, "kautsky": 0.1832643124999999, "lenin": 0.1481731279166667, "luxemburg": 0.14527191458333338, "mao": 0.13120199458333334, "marx_engels": 0.10403156166666665, "stalin": 0.09737430041666667, "thaelmann": 0.10203459375, "trotzki": 0.12223948624999995}, "gramsci": {"gramsci": NaN, "kautsky": 0.11090268583333335, "lenin": 0.145663115, "luxemburg": 0.14976555583333334, "mao": 0.12394558458333332, "marx_engels": 0.048423884583333326, "stalin": 0.09478381708333336, "thaelmann": 0.24978264624999993, "trotzki": 0.10678107958333333}, "kautsky": {"kautsky": NaN, "lenin": 0.15580173499999997, "luxemburg": 0.13308220791666667, "mao": 0.14113104458333328, "marx_engels": 0.10744794541666669, "stalin": 0.13238124333333334, "thaelmann": 0.11599539916666668, "trotzki": 0.15483490458333332}, "lenin": {"lenin": NaN, "luxemburg": 0.16037443708333332, "mao": 0.16935276583333336, "marx_engels": 0.08176897541666668, "stalin": 0.13642432458333337, "thaelmann": 0.15613780416666664, "trotzki": 0.14781053708333336}, "luxemburg": {"luxemburg": NaN, "mao": 0.13168083500000002, "marx_engels": 0.06436669458333336, "stalin": 0.10380406499999999, "thaelmann": 0.15826624041666665, "trotzki": 0.10372848500000001}, "mao": {"mao": NaN, "marx_engels": 0.0762941016666667, "stalin": 0.13222344624999996, "thaelmann": 0.12864799291666665, "trotzki": 0.14988243}, "marx_engels": {"marx_engels": NaN, "stalin": 0.0620306154166667, "thaelmann": 0.04894078375000002, "trotzki": 0.07367848416666667}, "stalin": {"stalin": NaN, "thaelmann": 0.09435387041666668, "trotzki": 0.1689421975}, "thaelmann": {"thaelmann": NaN, "trotzki": 0.10220354666666663}, "trotzki": {"trotzki": NaN}}, "Strategie und Taktik": {"bernstein": {"bernstein": NaN, "gramsci": NaN, "kautsky": NaN, "lenin": NaN, "luxemburg": NaN, "mao": NaN, "marx_engels": NaN, "stalin": NaN, "thaelmann": NaN, "trotzki": NaN}, "gramsci": {"gramsci": NaN, "kautsky": NaN, "lenin": NaN, "luxemburg": NaN, "mao": NaN, "marx_engels": NaN, "stalin": NaN, "thaelmann": NaN, "trotzki": NaN}, "kautsky": {"kautsky": NaN, "lenin": 0.11784958166666669, "luxemburg": 0.12262305888888891, "mao": 0.10281666500000002, "marx_engels": 0.13432105972222222, "stalin": 0.0849627086111111, "thaelmann": NaN, "trotzki": 0.1138781783333333}, "lenin": {"lenin": NaN, "luxemburg": 0.13537141166666664, "mao": 0.14079495444444443, "marx_engels": 0.0874991094444444, "stalin": 0.11758586277777779, "thaelmann": NaN, "trotzki": 0.13544663999999998}, "luxemburg": {"luxemburg": NaN, "mao": 0.09790618083333331, "marx_engels": 0.0718843025, "stalin": 0.07575356888888891, "thaelmann": NaN, "trotzki": 0.10335730222222221}, "mao": {"mao": NaN, "marx_engels": 0.0868393836111111, "stalin": 0.11686458805555557, "thaelmann": NaN, "trotzki": 0.14530738361111117}, "marx_engels": {"marx_engels": NaN, "stalin": 0.07918509583333333, "thaelmann": NaN, "trotzki": 0.1105168625}, "stalin": {"stalin": NaN, "thaelmann": NaN, "trotzki": 0.12674435083333332}, "thaelmann": {"thaelmann": NaN, "trotzki": NaN}, "trotzki": {"trotzki": NaN}}}