{"Politische \u00d6konomie": {"bernstein": {"bernstein": NaN, "gramsci": NaN, "kautsky": 0.1509699858333333, "lenin": 0.15542037333333333, "luxemburg": 0.11854909194444446, "mao": 0.12245163527777776, "marx_engels": 0.08707079694444446, "stalin": 0.11974991111111111, "thaelmann": NaN, "trotzki": 0.12970680944444446}, "gramsci": {"gramsci": NaN, "kautsky": NaN, "lenin": NaN, "luxemburg": NaN, "mao": NaN, "marx_engels": NaN, "stalin": NaN, "thaelmann": NaN, "trotzki": NaN}, "kautsky": {"kautsky": NaN, "lenin": 0.11063939472222224, "luxemburg": 0.09364669388888884, "mao": 0.09196137249999997, "marx_engels": 0.15962359888888888, "stalin": 0.12973518555555558, "thaelmann": NaN, "trotzki": 0.11678581888888885}, "lenin": {"lenin": NaN, "luxemburg": 0.11003510861111114, "mao": 0.11957888472222222, "marx_engels": 0.06278591361111112, "stalin": 0.14467609222222222, "thaelmann": NaN, "trotzki": 0.11876067527777778}, "luxemburg": {"luxemburg": NaN, "mao": 0.08919293499999999, "marx_engels": 0.05177524944444445, "stalin": 0.08645911000000002, "thaelmann": NaN, "trotzki": 0.1013722438888889}, "mao": {"mao": NaN, "marx_engels": 0.057178364722222215, "stalin": 0.13129749861111115, "thaelmann": NaN, "trotzki": 0.1407952311111111}, "marx_engels": {"marx_engels": NaN, "stalin": 0.08439328611111112, "thaelmann": NaN, "trotzki": 0.07470650805555558}, "stalin": {"stalin": NaN, "thaelmann": NaN, "trotzki": 0.15259798527777782}, "thaelmann": {"thaelmann": NaN, "trotzki": NaN}, "trotzki": {"trotzki": NaN}}, "Philosophie": {"bernstein": {"bernstein": NaN, "gramsci": NaN, "kautsky": 0.14852499472222222, "lenin": 0.1232743111111111, "luxemburg": 0.11621879305555556, "mao": 0.1006509975, "marx_engels": 0.09113959444444447, "stalin": 0.08987229972222217, "thaelmann": NaN, "trotzki": 0.11451305666666665}, "gramsci": {"gramsci": NaN, "kautsky": NaN, "lenin": NaN, "luxemburg": NaN, "mao": NaN, "marx_engels": NaN, "stalin": NaN, "thaelmann": NaN, "trotzki": NaN}, "kautsky": {"kautsky": NaN, "lenin": 0.12683021944444448, "luxemburg": 0.08840437055555554, "mao": 0.11388023083333333, "marx_engels": 0.12601854249999997, "stalin": 0.12097122555555558, "thaelmann": NaN, "trotzki": 0.1352004791666667}, "lenin": {"lenin": NaN, "luxemburg": 0.12374845861111111, "mao": 0.1294269572222222, "marx_engels": 0.08694608555555554, "stalin": 0.11465435500000003, "thaelmann": NaN, "trotzki": 0.13853404972222225}, "luxemburg": {"luxemburg": NaN, "mao": 0.11684302916666671, "marx_engels": 0.06582960444444444, "stalin": 0.07885595055555554, "thaelmann": NaN, "trotzki": 0.1149836652777778}, "mao": {"mao": NaN, "marx_engels": 0.0911380613888889, "stalin": 0.13570777555555558, "thaelmann": NaN, "trotzki": 0.15136334527777778}, "marx_engels": {"marx_engels": NaN, "stalin": 0.09356696111111111, "thaelmann": NaN, "trotzki": 0.10914310333333334}, "stalin": {"stalin": NaN, "thaelmann": NaN, "trotzki": 0.14633930416666663}, "thaelmann": {"thaelmann": NaN, "trotzki": NaN}, "trotzki": {"trotzki": NaN}}, "Staatstheorie": {"bernstein": {"bernstein": NaN, "gramsci": NaN, "kautsky": NaN, "lenin": NaN, "luxemburg": NaN, "mao": NaN, "marx_engels": NaN, "stalin": NaN, "thaelmann": NaN, "trotzki": NaN}, "gramsci": {"gramsci": NaN, "kautsky": NaN, "lenin": NaN, "luxemburg": NaN, "mao": NaN, "marx_engels": NaN, "stalin": NaN, "thaelmann": NaN, "trotzki": NaN}, "kautsky": {"kautsky": NaN, "lenin": 0.12090613388888889, "luxemburg": NaN, "mao": 0.09960349694444443, "marx_engels": 0.11889023944444442, "stalin": 0.10135683583333334, "thaelmann": NaN, "trotzki": 0.12099587472222224}, "lenin": {"lenin": NaN, "luxemburg": NaN, "mao": 0.12527726111111107, "marx_engels": 0.0799008563888889, "stalin": 0.12126549111111111, "thaelmann": NaN, "trotzki": 0.14117771944444446}, "luxemburg": {"luxemburg": NaN, "mao": NaN, "marx_engels": NaN, "stalin": NaN, "thaelmann": NaN, "trotzki": NaN}, "mao": {"mao": NaN, "marx_engels": 0.06639824388888889, "stalin": 0.10815679416666668, "thaelmann": NaN, "trotzki": 0.12032636305555551}, "marx_engels": {"marx_engels": NaN, "stalin": 0.06583416055555556, "thaelmann": NaN, "trotzki": 0.07673048416666667}, "stalin": {"stalin": NaN, "thaelmann": NaN, "trotzki": 0.13875657333333338}, "thaelmann": {"thaelmann": NaN, "trotzki": NaN}, "trotzki": {"trotzki": NaN}}, "Sozialismusverst\u00e4ndnis": {"bernstein": {"bernstein": NaN, "gramsci": 0.13511929583333335, "kautsky": 0.18326431249999997, "lenin": 0.14817312791666667, "luxemburg": 0.14527191458333338, "mao": 0.13120199458333337, "marx_engels": 0.10403156166666665, "stalin": 0.09737430041666667, "thaelmann": 0.10203459374999999, "trotzki": 0.12223948624999992}, "gramsci": {"gramsci": NaN, "kautsky": 0.11090268583333335, "lenin": 0.14566311499999998, "luxemburg": 0.14976555583333323, "mao": 0.12394558458333327, "marx_engels": 0.04842388458333333, "stalin": 0.09478381708333336, "thaelmann": 0.24978264625000007, "trotzki": 0.10678107958333337}, "kautsky": {"kautsky": NaN, "lenin": 0.155801735, "luxemburg": 0.1330822079166667, "mao": 0.14113104458333336, "marx_engels": 0.10744794541666669, "stalin": 0.13238124333333334, "thaelmann": 0.1159953991666667, "trotzki": 0.15483490458333332}, "lenin": {"lenin": NaN, "luxemburg": 0.16037443708333335, "mao": 0.16935276583333328, "marx_engels": 0.08176897541666667, "stalin": 0.13642432458333326, "thaelmann": 0.15613780416666673, "trotzki": 0.14781053708333336}, "luxemburg": {"luxemburg": NaN, "mao": 0.13168083499999997, "marx_engels": 0.06436669458333336, "stalin": 0.103804065, "thaelmann": 0.15826624041666662, "trotzki": 0.10372848500000001}, "mao": {"mao": NaN, "marx_engels": 0.07629410166666664, "stalin": 0.13222344625000002, "thaelmann": 0.12864799291666668, "trotzki": 0.14988243}, "marx_engels": {"marx_engels": NaN, "stalin": 0.06203061541666667, "thaelmann": 0.04894078375, "trotzki": 0.07367848416666667}, "stalin": {"stalin": NaN, "thaelmann": 0.09435387041666667, "trotzki": 0.1689421975000001}, "thaelmann": {"thaelmann": NaN, "trotzki": 0.10220354666666667}, "trotzki": {"trotzki": NaN}}, "Strategie und Taktik": {"bernstein": {"bernstein": NaN, "gramsci": NaN, "kautsky": NaN, "lenin": NaN, "luxemburg": NaN, "mao": NaN, "marx_engels": NaN, "stalin": NaN, "thaelmann": NaN, "trotzki": NaN}, "gramsci": {"gramsci": NaN, "kautsky": NaN, "lenin": NaN, "luxemburg": NaN, "mao": NaN, "marx_engels": NaN, "stalin": NaN, "thaelmann": NaN, "trotzki": NaN}, "kautsky": {"kautsky": NaN, "lenin": 0.1178495816666667, "luxemburg": 0.12262305888888887, "mao": 0.10281666499999997, "marx_engels": 0.13432105972222227, "stalin": 0.08496270861111112, "thaelmann": NaN, "trotzki": 0.11387817833333332}, "lenin": {"lenin": NaN, "luxemburg": 0.13537141166666666, "mao": 0.14079495444444448, "marx_engels": 0.08749910944444445, "stalin": 0.11758586277777776, "thaelmann": NaN, "trotzki": 0.13544663999999998}, "luxemburg": {"luxemburg": NaN, "mao": 0.09790618083333331, "marx_engels": 0.0718843025, "stalin": 0.07575356888888889, "thaelmann": NaN, "trotzki": 0.10335730222222221}, "mao": {"mao": NaN, "marx_engels": 0.08683938361111111, "stalin": 0.11686458805555555, "thaelmann": NaN, "trotzki": 0.14530738361111104}, "marx_engels": {"marx_engels": NaN, "stalin": 0.07918509583333333, "thaelmann": NaN, "trotzki": 0.11051686250000003}, "stalin": {"stalin": NaN, "thaelmann": NaN, "trotzki": 0.1267443508333333}, "thaelmann": {"thaelmann": NaN, "trotzki": NaN}, "trotzki": {"trotzki": NaN}}}