{"Politische \u00d6konomie": {"kautsky": {"kautsky": NaN, "marx_engels": 0.8753359321298083, "stalin": 0.5540527177043956, "trotzki": 0.6489259198815543}, "marx_engels": {"marx_engels": NaN, "stalin": 0.9118502425266625, "trotzki": 1.6719529407158167}, "stalin": {"stalin": NaN, "trotzki": 0.518642813906312}, "trotzki": {"trotzki": NaN}}, "Philosophie": {"kautsky": {"kautsky": NaN, "marx_engels": 0.5306834689622465, "stalin": 0.43962693246513523, "trotzki": 0.431244434977965}, "marx_engels": {"marx_engels": NaN, "stalin": 0.4531508696787781, "trotzki": 0.5019809152769733}, "stalin": {"stalin": NaN, "trotzki": 0.47804950859025924}, "trotzki": {"trotzki": NaN}}, "Staatstheorie": {"kautsky": {"kautsky": NaN, "marx_engels": 0.5688583333265947, "stalin": 0.4743100521981993, "trotzki": 0.8556375348037585}, "marx_engels": {"marx_engels": NaN, "stalin": 0.7605341747222655, "trotzki": 0.7988522226986626}, "stalin": {"stalin": NaN, "trotzki": 0.7688803817511237}, "trotzki": {"trotzki": NaN}}, "Sozialismusverst\u00e4ndnis": {"kautsky": {"kautsky": NaN, "marx_engels": 0.6245556429097079, "stalin": 0.7242751710313444, "trotzki": 1.2050977809870957}, "marx_engels": {"marx_engels": NaN, "stalin": 1.0729939700283921, "trotzki": 0.9370607260289474}, "stalin": {"stalin": NaN, "trotzki": 1.0026784831525437}, "trotzki": {"trotzki": NaN}}, "Strategie und Taktik": {"kautsky": {"kautsky": NaN, "marx_engels": 0.6251845880006005, "stalin": 0.5964990031111818, "trotzki": 0.5625537538996151}, "marx_engels": {"marx_engels": NaN, "stalin": 0.5485230375764075, "trotzki": 0.5952278978670476}, "stalin": {"stalin": NaN, "trotzki": 0.807186200851921}, "trotzki": {"trotzki": NaN}}}