{"Politische \u00d6konomie": {"bernstein": {"bernstein": NaN, "gramsci": NaN, "kautsky": -0.21246896675471427, "lenin": 0.14837047814659177, "luxemburg": 0.1165509782147316, "mao": -0.004790174904219832, "marx_engels": -11.159053584782939, "stalin": -1.1469949874500847, "thaelmann": NaN, "trotzki": -0.3661721269194001}, "gramsci": {"gramsci": NaN, "kautsky": NaN, "lenin": NaN, "luxemburg": NaN, "mao": NaN, "marx_engels": NaN, "stalin": NaN, "thaelmann": NaN, "trotzki": NaN}, "kautsky": {"kautsky": NaN, "lenin": 0.03447074099025325, "luxemburg": 0.020856534063552187, "mao": 0.04800500768146144, "marx_engels": -0.11474502568306816, "stalin": -0.07086658130770561, "thaelmann": NaN, "trotzki": 0.09929138260944541}, "lenin": {"lenin": NaN, "luxemburg": 0.08684302914826991, "mao": 0.026697882449100287, "marx_engels": -7.218300274398648, "stalin": -2.2190228274630814, "thaelmann": NaN, "trotzki": -0.025815865412971328}, "luxemburg": {"luxemburg": NaN, "mao": -0.13612302198404033, "marx_engels": -37.05140287000868, "stalin": -7.697853474028722, "thaelmann": NaN, "trotzki": -0.616032817272082}, "mao": {"mao": NaN, "marx_engels": -0.23648182563843068, "stalin": -0.6822661373346343, "thaelmann": NaN, "trotzki": 0.12340180890489318}, "marx_engels": {"marx_engels": NaN, "stalin": 0.006551192827298469, "thaelmann": NaN, "trotzki": 0.014188063976950578}, "stalin": {"stalin": NaN, "thaelmann": NaN, "trotzki": 0.06636743256552247}, "thaelmann": {"thaelmann": NaN, "trotzki": NaN}, "trotzki": {"trotzki": NaN}}, "Philosophie": {"bernstein": {"bernstein": NaN, "gramsci": NaN, "kautsky": -0.1852135612912893, "lenin": 0.10967577095450053, "luxemburg": 0.11621879305555556, "mao": -0.0008392222192113441, "marx_engels": -3.3791086708946767, "stalin": -1.5462236575483248, "thaelmann": NaN, "trotzki": 0.036477013167123554}, "gramsci": {"gramsci": NaN, "kautsky": NaN, "lenin": NaN, "luxemburg": NaN, "mao": NaN, "marx_engels": NaN, "stalin": NaN, "thaelmann": NaN, "trotzki": NaN}, "kautsky": {"kautsky": NaN, "lenin": 0.061185545881873867, "luxemburg": 0.027208459053493256, "mao": 0.0762437132001851, "marx_engels": -0.13069074962387098, "stalin": 0.01101271621898551, "thaelmann": NaN, "trotzki": 0.08074713014458881}, "lenin": {"lenin": NaN, "luxemburg": 0.09176273041238103, "mao": 0.06875255940599657, "marx_engels": -3.8132203288750204, "stalin": -1.5639378874966192, "thaelmann": NaN, "trotzki": 0.09774494772097402}, "luxemburg": {"luxemburg": NaN, "mao": 0.03224358404175271, "marx_engels": -3.404656416973893, "stalin": -2.7993233387603778, "thaelmann": NaN, "trotzki": 0.03241290868193133}, "mao": {"mao": NaN, "marx_engels": -0.19452368898801206, "stalin": -0.2885792651431468, "thaelmann": NaN, "trotzki": 0.12467355784019424}, "marx_engels": {"marx_engels": NaN, "stalin": 0.14807324340450187, "thaelmann": NaN, "trotzki": 0.02663615317408377}, "stalin": {"stalin": NaN, "thaelmann": NaN, "trotzki": 0.044159009293156797}, "thaelmann": {"thaelmann": NaN, "trotzki": NaN}, "trotzki": {"trotzki": NaN}}, "Staatstheorie": {"bernstein": {"bernstein": NaN, "gramsci": NaN, "kautsky": NaN, "lenin": NaN, "luxemburg": NaN, "mao": NaN, "marx_engels": NaN, "stalin": NaN, "thaelmann": NaN, "trotzki": NaN}, "gramsci": {"gramsci": NaN, "kautsky": NaN, "lenin": NaN, "luxemburg": NaN, "mao": NaN, "marx_engels": NaN, "stalin": NaN, "thaelmann": NaN, "trotzki": NaN}, "kautsky": {"kautsky": NaN, "lenin": 0.033775535041037, "luxemburg": NaN, "mao": 0.022960126077316845, "marx_engels": 0.028920310184649387, "stalin": -0.009523694081110754, "thaelmann": NaN, "trotzki": 0.05213685497013323}, "lenin": {"lenin": NaN, "luxemburg": NaN, "mao": 0.026064490593207413, "marx_engels": -0.2069970351240742, "stalin": -10.731294592081946, "thaelmann": NaN, "trotzki": -0.3419500193031981}, "luxemburg": {"luxemburg": NaN, "mao": NaN, "marx_engels": NaN, "stalin": NaN, "thaelmann": NaN, "trotzki": NaN}, "mao": {"mao": NaN, "marx_engels": 0.05017070811931398, "stalin": -0.24204975317078634, "thaelmann": NaN, "trotzki": -0.06214770450395588}, "marx_engels": {"marx_engels": NaN, "stalin": -0.1490688718862447, "thaelmann": NaN, "trotzki": 0.019356898729700152}, "stalin": {"stalin": NaN, "thaelmann": NaN, "trotzki": 0.02625245543469575}, "thaelmann": {"thaelmann": NaN, "trotzki": NaN}, "trotzki": {"trotzki": NaN}}, "Sozialismusverst\u00e4ndnis": {"bernstein": {"bernstein": NaN, "gramsci": 0.12494146227827763, "kautsky": -0.9416605164521982, "lenin": 0.09732151200315259, "luxemburg": 0.13372285386032565, "mao": -0.08639720960392966, "marx_engels": -3.0080379143872884, "stalin": -38.77286767272843, "thaelmann": 0.09491090398350471, "trotzki": -2.154595424291296}, "gramsci": {"gramsci": NaN, "kautsky": -1.3440908481183307, "lenin": 0.03404373474454285, "luxemburg": 0.14976555583333323, "mao": -0.2339075045680984, "marx_engels": -7.837490517131419, "stalin": -63.18916666666667, "thaelmann": 0.24978264625000007, "trotzki": -3.6599012830681925}, "kautsky": {"kautsky": NaN, "lenin": 0.04634213425860774, "luxemburg": 0.01714813993233618, "mao": 0.06503530858689233, "marx_engels": -0.014917451989401918, "stalin": -0.9529320987654324, "thaelmann": 0.020230240576923075, "trotzki": 0.12524857481331514}, "lenin": {"lenin": NaN, "luxemburg": 0.07060340919238614, "mao": 0.10282961406372665, "marx_engels": -0.6538532356352891, "stalin": -10.874297573082497, "thaelmann": 0.07956005133814555, "trotzki": -0.5680306604547196}, "luxemburg": {"luxemburg": NaN, "mao": -0.08604399677629354, "marx_engels": -6.2147753645430495, "stalin": -55.520648148148155, "thaelmann": 0.15826624041666662, "trotzki": -2.609097291133564}, "mao": {"mao": NaN, "marx_engels": -0.059166246560278725, "stalin": -0.1895783229116563, "thaelmann": 0.03496533808261183, "trotzki": -0.02244602634207951}, "marx_engels": {"marx_engels": NaN, "stalin": -0.04422657952069717, "thaelmann": 0.0031034589705882356, "trotzki": 0.039715745326709434}, "stalin": {"stalin": NaN, "thaelmann": 0.0023281551388888893, "trotzki": 0.04391453138112718}, "thaelmann": {"thaelmann": NaN, "trotzki": -3.862333576755595}, "trotzki": {"trotzki": NaN}}, "Strategie und Taktik": {"bernstein": {"bernstein": NaN, "gramsci": NaN, "kautsky": NaN, "lenin": NaN, "luxemburg": NaN, "mao": NaN, "marx_engels": NaN, "stalin": NaN, "thaelmann": NaN, "trotzki": NaN}, "gramsci": {"gramsci": NaN, "kautsky": NaN, "lenin": NaN, "luxemburg": NaN, "mao": NaN, "marx_engels": NaN, "stalin": NaN, "thaelmann": NaN, "trotzki": NaN}, "kautsky": {"kautsky": NaN, "lenin": 0.04069657441542104, "luxemburg": 0.035531200323810165, "mao": 0.012272929354311124, "marx_engels": -0.060378902128577744, "stalin": -0.00015241579027587326, "thaelmann": NaN, "trotzki": -0.24360842624205548}, "lenin": {"lenin": NaN, "luxemburg": 0.06690699504973001, "mao": -0.004124879730836986, "marx_engels": -2.105460588938859, "stalin": -5.290685333505551, "thaelmann": NaN, "trotzki": -0.9561101668215576}, "luxemburg": {"luxemburg": NaN, "mao": -0.24934886322143815, "marx_engels": -4.815111028424488, "stalin": -3.837401810575615, "thaelmann": NaN, "trotzki": -0.46743993035241216}, "mao": {"mao": NaN, "marx_engels": -0.06316083625758802, "stalin": -0.23340577663900874, "thaelmann": NaN, "trotzki": -0.10578861356390085}, "marx_engels": {"marx_engels": NaN, "stalin": 0.004912904321188342, "thaelmann": NaN, "trotzki": 0.04106029970081706}, "stalin": {"stalin": NaN, "thaelmann": NaN, "trotzki": 0.10136420039161977}, "thaelmann": {"thaelmann": NaN, "trotzki": NaN}, "trotzki": {"trotzki": NaN}}}