{"Politische \u00d6konomie": {"bernstein": {"bernstein": NaN, "gramsci": NaN, "kautsky": 0.5610466202100118, "lenin": 0.26644977430502575, "luxemburg": 0.390366127093633, "mao": 0.3781362920999527, "marx_engels": 0.45114607612291974, "stalin": 0.38965944945812225, "thaelmann": NaN, "trotzki": 0.4902440011501312}, "gramsci": {"gramsci": NaN, "kautsky": NaN, "lenin": NaN, "luxemburg": NaN, "mao": NaN, "marx_engels": NaN, "stalin": NaN, "thaelmann": NaN, "trotzki": NaN}, "kautsky": {"kautsky": NaN, "lenin": 0.31456104417641956, "luxemburg": 0.3393388018012047, "mao": 0.3627624263366063, "marx_engels": 0.6226898431777954, "stalin": 0.4189011553923289, "thaelmann": NaN, "trotzki": 0.4468165834744771}, "lenin": {"lenin": NaN, "luxemburg": 0.2288452312350273, "mao": 0.3810918132464091, "marx_engels": 0.3141652966539065, "stalin": 0.34878995021184284, "thaelmann": NaN, "trotzki": 0.287330483396848}, "luxemburg": {"luxemburg": NaN, "mao": 0.29471906647086143, "marx_engels": 0.26011009762684506, "stalin": 0.27705810964107513, "thaelmann": NaN, "trotzki": 0.36356229583422345}, "mao": {"mao": NaN, "marx_engels": 0.32538530727227527, "stalin": 0.44399770100911456, "thaelmann": NaN, "trotzki": 0.42151664694150287}, "marx_engels": {"marx_engels": NaN, "stalin": 0.39698323607444763, "thaelmann": NaN, "trotzki": 0.3704805572827657}, "stalin": {"stalin": NaN, "thaelmann": NaN, "trotzki": 0.4386775294939677}, "thaelmann": {"thaelmann": NaN, "trotzki": NaN}, "trotzki": {"trotzki": NaN}}, "Philosophie": {"bernstein": {"bernstein": NaN, "gramsci": NaN, "kautsky": 0.3556566933790843, "lenin": 0.24958687524000803, "luxemburg": 0.2794602612654368, "mao": 0.2617894361416499, "marx_engels": 0.3201773365338643, "stalin": 0.2635996987422307, "thaelmann": NaN, "trotzki": 0.2776361455519994}, "gramsci": {"gramsci": NaN, "kautsky": NaN, "lenin": NaN, "luxemburg": NaN, "mao": NaN, "marx_engels": NaN, "stalin": NaN, "thaelmann": NaN, "trotzki": NaN}, "kautsky": {"kautsky": NaN, "lenin": 0.3441418409347534, "luxemburg": 0.25393390903870267, "mao": 0.29306215047836304, "marx_engels": 0.4841762085755666, "stalin": 0.410062034924825, "thaelmann": NaN, "trotzki": 0.4427031675974528}, "lenin": {"lenin": NaN, "luxemburg": 0.27361785372098285, "mao": 0.29852209488550824, "marx_engels": 0.3701021472613017, "stalin": 0.36286577582359314, "thaelmann": NaN, "trotzki": 0.3808370331923167}, "luxemburg": {"luxemburg": NaN, "mao": 0.20200683921575546, "marx_engels": 0.2930626670519511, "stalin": 0.24620234469572702, "thaelmann": NaN, "trotzki": 0.2607838610808055}, "mao": {"mao": NaN, "marx_engels": 0.34533371527989704, "stalin": 0.41364583373069763, "thaelmann": NaN, "trotzki": 0.36413899560769397}, "marx_engels": {"marx_engels": NaN, "stalin": 0.4075481692949931, "thaelmann": NaN, "trotzki": 0.42798706889152527}, "stalin": {"stalin": NaN, "thaelmann": NaN, "trotzki": 0.4188382575909297}, "thaelmann": {"thaelmann": NaN, "trotzki": NaN}, "trotzki": {"trotzki": NaN}}, "Staatstheorie": {"bernstein": {"bernstein": NaN, "gramsci": NaN, "kautsky": NaN, "lenin": NaN, "luxemburg": NaN, "mao": NaN, "marx_engels": NaN, "stalin": NaN, "thaelmann": NaN, "trotzki": NaN}, "gramsci": {"gramsci": NaN, "kautsky": NaN, "lenin": NaN, "luxemburg": NaN, "mao": NaN, "marx_engels": NaN, "stalin": NaN, "thaelmann": NaN, "trotzki": NaN}, "kautsky": {"kautsky": NaN, "lenin": 0.38755834102630615, "luxemburg": NaN, "mao": 0.2908785690863927, "marx_engels": 0.45350976785024005, "stalin": 0.36435013512770337, "thaelmann": NaN, "trotzki": 0.37220066289107007}, "lenin": {"lenin": NaN, "luxemburg": NaN, "mao": 0.2594236483176549, "marx_engels": 0.3941943446795146, "stalin": 0.3514510889848073, "thaelmann": NaN, "trotzki": 0.32660360385974246}, "luxemburg": {"luxemburg": NaN, "mao": NaN, "marx_engels": NaN, "stalin": NaN, "thaelmann": NaN, "trotzki": NaN}, "mao": {"mao": NaN, "marx_engels": 0.30619440972805023, "stalin": 0.2816450869043668, "thaelmann": NaN, "trotzki": 0.2885035090148449}, "marx_engels": {"marx_engels": NaN, "stalin": 0.29022319118181866, "thaelmann": NaN, "trotzki": 0.32720737159252167}, "stalin": {"stalin": NaN, "thaelmann": NaN, "trotzki": 0.3591687393685182}, "thaelmann": {"thaelmann": NaN, "trotzki": NaN}, "trotzki": {"trotzki": NaN}}, "Sozialismusverst\u00e4ndnis": {"bernstein": {"bernstein": NaN, "gramsci": 0.13681198097765446, "kautsky": 0.41064371168613434, "lenin": 0.32678940147161484, "luxemburg": 0.39625582098960876, "mao": 0.2946958690881729, "marx_engels": 0.3544018119573593, "stalin": 0.3132117688655853, "thaelmann": 0.20305489003658295, "trotzki": 0.3330858051776886}, "gramsci": {"gramsci": NaN, "kautsky": 0.28723014891147614, "lenin": 0.2660664767026901, "luxemburg": 0.26939795166254044, "mao": 0.36573006212711334, "marx_engels": 0.25243065506219864, "stalin": 0.22983334958553314, "thaelmann": 0.3233122080564499, "trotzki": 0.2721930146217346}, "kautsky": {"kautsky": NaN, "lenin": 0.39561033248901367, "luxemburg": 0.3568298667669296, "mao": 0.4022684544324875, "marx_engels": 0.3938979208469391, "stalin": 0.4274366796016693, "thaelmann": 0.31471312791109085, "trotzki": 0.4480672776699066}, "lenin": {"lenin": NaN, "luxemburg": 0.25234780460596085, "mao": 0.3609881103038788, "marx_engels": 0.34018436074256897, "stalin": 0.3337366431951523, "thaelmann": 0.29156937450170517, "trotzki": 0.37609751522541046}, "luxemburg": {"luxemburg": NaN, "mao": 0.2979554682970047, "marx_engels": 0.320305235683918, "stalin": 0.24465785920619965, "thaelmann": 0.27241477370262146, "trotzki": 0.26951412111520767}, "mao": {"mao": NaN, "marx_engels": 0.3523043096065521, "stalin": 0.3511831611394882, "thaelmann": 0.32699573040008545, "trotzki": 0.41146260499954224}, "marx_engels": {"marx_engels": NaN, "stalin": 0.2209930717945099, "thaelmann": 0.21874187886714935, "trotzki": 0.2391229197382927}, "stalin": {"stalin": NaN, "thaelmann": 0.24552199989557266, "trotzki": 0.47858382761478424}, "thaelmann": {"thaelmann": NaN, "trotzki": 0.26554567366838455}, "trotzki": {"trotzki": NaN}}, "Strategie und Taktik": {"bernstein": {"bernstein": NaN, "gramsci": NaN, "kautsky": NaN, "lenin": NaN, "luxemburg": NaN, "mao": NaN, "marx_engels": NaN, "stalin": NaN, "thaelmann": NaN, "trotzki": NaN}, "gramsci": {"gramsci": NaN, "kautsky": NaN, "lenin": NaN, "luxemburg": NaN, "mao": NaN, "marx_engels": NaN, "stalin": NaN, "thaelmann": NaN, "trotzki": NaN}, "kautsky": {"kautsky": NaN, "lenin": 0.33357060452302295, "luxemburg": 0.27095022797584534, "mao": 0.361372838417689, "marx_engels": 0.49018631378809613, "stalin": 0.3106616586446762, "thaelmann": NaN, "trotzki": 0.39257799585660297}, "lenin": {"lenin": NaN, "luxemburg": 0.2589392115672429, "mao": 0.3921838899453481, "marx_engels": 0.41171978910764057, "stalin": 0.4009495476881663, "thaelmann": NaN, "trotzki": 0.4617285231749217}, "luxemburg": {"luxemburg": NaN, "mao": 0.18344601740439734, "marx_engels": 0.25799354414145154, "stalin": 0.20677323639392853, "thaelmann": NaN, "trotzki": 0.1995582307378451}, "mao": {"mao": NaN, "marx_engels": 0.4145909945170085, "stalin": 0.3772785762945811, "thaelmann": NaN, "trotzki": 0.39086800813674927}, "marx_engels": {"marx_engels": NaN, "stalin": 0.37851327657699585, "thaelmann": NaN, "trotzki": 0.4135940174261729}, "stalin": {"stalin": NaN, "thaelmann": NaN, "trotzki": 0.5037336448828379}, "thaelmann": {"thaelmann": NaN, "trotzki": NaN}, "trotzki": {"trotzki": NaN}}}