{"Politische \u00d6konomie": {"bernstein": {"bernstein": NaN, "gramsci": NaN, "kautsky": 0.1509699858333333, "lenin": 0.15542037333333336, "luxemburg": 0.11854909194444445, "mao": 0.12245163527777775, "marx_engels": 0.08707079694444446, "stalin": 0.1197499111111111, "thaelmann": NaN, "trotzki": 0.1297068094444445}, "gramsci": {"gramsci": NaN, "kautsky": NaN, "lenin": NaN, "luxemburg": NaN, "mao": NaN, "marx_engels": NaN, "stalin": NaN, "thaelmann": NaN, "trotzki": NaN}, "kautsky": {"kautsky": NaN, "lenin": 0.11063939472222224, "luxemburg": 0.09364669388888891, "mao": 0.09196137249999999, "marx_engels": 0.15962359888888886, "stalin": 0.12973518555555555, "thaelmann": NaN, "trotzki": 0.11678581888888888}, "lenin": {"lenin": NaN, "luxemburg": 0.11003510861111114, "mao": 0.11957888472222218, "marx_engels": 0.06278591361111109, "stalin": 0.14467609222222227, "thaelmann": NaN, "trotzki": 0.11876067527777778}, "luxemburg": {"luxemburg": NaN, "mao": 0.08919293499999999, "marx_engels": 0.05177524944444444, "stalin": 0.08645911000000002, "thaelmann": NaN, "trotzki": 0.10137224388888888}, "mao": {"mao": NaN, "marx_engels": 0.05717836472222221, "stalin": 0.1312974986111111, "thaelmann": NaN, "trotzki": 0.1407952311111111}, "marx_engels": {"marx_engels": NaN, "stalin": 0.08439328611111112, "thaelmann": NaN, "trotzki": 0.07470650805555558}, "stalin": {"stalin": NaN, "thaelmann": NaN, "trotzki": 0.15259798527777776}, "thaelmann": {"thaelmann": NaN, "trotzki": NaN}, "trotzki": {"trotzki": NaN}}, "Philosophie": {"bernstein": {"bernstein": NaN, "gramsci": NaN, "kautsky": 0.14852499472222225, "lenin": 0.12327431111111108, "luxemburg": 0.11621879305555556, "mao": 0.10065099749999996, "marx_engels": 0.09113959444444447, "stalin": 0.08987229972222222, "thaelmann": NaN, "trotzki": 0.11451305666666667}, "gramsci": {"gramsci": NaN, "kautsky": NaN, "lenin": NaN, "luxemburg": NaN, "mao": NaN, "marx_engels": NaN, "stalin": NaN, "thaelmann": NaN, "trotzki": NaN}, "kautsky": {"kautsky": NaN, "lenin": 0.1268302194444445, "luxemburg": 0.08840437055555554, "mao": 0.1138802308333333, "marx_engels": 0.12601854250000002, "stalin": 0.12097122555555558, "thaelmann": NaN, "trotzki": 0.13520047916666664}, "lenin": {"lenin": NaN, "luxemburg": 0.12374845861111113, "mao": 0.12942695722222222, "marx_engels": 0.08694608555555554, "stalin": 0.11465435499999994, "thaelmann": NaN, "trotzki": 0.13853404972222227}, "luxemburg": {"luxemburg": NaN, "mao": 0.11684302916666671, "marx_engels": 0.06582960444444444, "stalin": 0.07885595055555554, "thaelmann": NaN, "trotzki": 0.1149836652777778}, "mao": {"mao": NaN, "marx_engels": 0.09113806138888887, "stalin": 0.13570777555555558, "thaelmann": NaN, "trotzki": 0.1513633452777778}, "marx_engels": {"marx_engels": NaN, "stalin": 0.09356696111111112, "thaelmann": NaN, "trotzki": 0.10914310333333332}, "stalin": {"stalin": NaN, "thaelmann": NaN, "trotzki": 0.14633930416666663}, "thaelmann": {"thaelmann": NaN, "trotzki": NaN}, "trotzki": {"trotzki": NaN}}, "Staatstheorie": {"bernstein": {"bernstein": NaN, "gramsci": NaN, "kautsky": NaN, "lenin": NaN, "luxemburg": NaN, "mao": NaN, "marx_engels": NaN, "stalin": NaN, "thaelmann": NaN, "trotzki": NaN}, "gramsci": {"gramsci": NaN, "kautsky": NaN, "lenin": NaN, "luxemburg": NaN, "mao": NaN, "marx_engels": NaN, "stalin": NaN, "thaelmann": NaN, "trotzki": NaN}, "kautsky": {"kautsky": NaN, "lenin": 0.12090613388888888, "luxemburg": NaN, "mao": 0.09960349694444447, "marx_engels": 0.11889023944444439, "stalin": 0.10135683583333337, "thaelmann": NaN, "trotzki": 0.12099587472222222}, "lenin": {"lenin": NaN, "luxemburg": NaN, "mao": 0.12527726111111118, "marx_engels": 0.07990085638888891, "stalin": 0.12126549111111108, "thaelmann": NaN, "trotzki": 0.1411777194444445}, "luxemburg": {"luxemburg": NaN, "mao": NaN, "marx_engels": NaN, "stalin": NaN, "thaelmann": NaN, "trotzki": NaN}, "mao": {"mao": NaN, "marx_engels": 0.06639824388888889, "stalin": 0.10815679416666664, "thaelmann": NaN, "trotzki": 0.12032636305555555}, "marx_engels": {"marx_engels": NaN, "stalin": 0.06583416055555556, "thaelmann": NaN, "trotzki": 0.07673048416666665}, "stalin": {"stalin": NaN, "thaelmann": NaN, "trotzki": 0.13875657333333336}, "thaelmann": {"thaelmann": NaN, "trotzki": NaN}, "trotzki": {"trotzki": NaN}}, "Sozialismusverst\u00e4ndnis": {"bernstein": {"bernstein": NaN, "gramsci": 0.13511929583333337, "kautsky": 0.18326431249999997, "lenin": 0.14817312791666665, "luxemburg": 0.14527191458333327, "mao": 0.13120199458333334, "marx_engels": 0.10403156166666666, "stalin": 0.09737430041666667, "thaelmann": 0.10203459375000001, "trotzki": 0.12223948624999997}, "gramsci": {"gramsci": NaN, "kautsky": 0.11090268583333333, "lenin": 0.145663115, "luxemburg": 0.14976555583333329, "mao": 0.12394558458333332, "marx_engels": 0.048423884583333354, "stalin": 0.09478381708333336, "thaelmann": 0.24978264625000002, "trotzki": 0.10678107958333333}, "kautsky": {"kautsky": NaN, "lenin": 0.15580173499999997, "luxemburg": 0.13308220791666664, "mao": 0.1411310445833334, "marx_engels": 0.10744794541666663, "stalin": 0.1323812433333334, "thaelmann": 0.11599539916666668, "trotzki": 0.15483490458333332}, "lenin": {"lenin": NaN, "luxemburg": 0.1603744370833333, "mao": 0.16935276583333342, "marx_engels": 0.08176897541666664, "stalin": 0.13642432458333337, "thaelmann": 0.15613780416666667, "trotzki": 0.14781053708333336}, "luxemburg": {"luxemburg": NaN, "mao": 0.131680835, "marx_engels": 0.06436669458333333, "stalin": 0.10380406500000003, "thaelmann": 0.1582662404166667, "trotzki": 0.103728485}, "mao": {"mao": NaN, "marx_engels": 0.07629410166666666, "stalin": 0.13222344624999996, "thaelmann": 0.12864799291666665, "trotzki": 0.14988242999999998}, "marx_engels": {"marx_engels": NaN, "stalin": 0.06203061541666664, "thaelmann": 0.04894078375000001, "trotzki": 0.07367848416666667}, "stalin": {"stalin": NaN, "thaelmann": 0.09435387041666665, "trotzki": 0.16894219749999995}, "thaelmann": {"thaelmann": NaN, "trotzki": 0.10220354666666664}, "trotzki": {"trotzki": NaN}}, "Strategie und Taktik": {"bernstein": {"bernstein": NaN, "gramsci": NaN, "kautsky": NaN, "lenin": NaN, "luxemburg": NaN, "mao": NaN, "marx_engels": NaN, "stalin": NaN, "thaelmann": NaN, "trotzki": NaN}, "gramsci": {"gramsci": NaN, "kautsky": NaN, "lenin": NaN, "luxemburg": NaN, "mao": NaN, "marx_engels": NaN, "stalin": NaN, "thaelmann": NaN, "trotzki": NaN}, "kautsky": {"kautsky": NaN, "lenin": 0.1178495816666667, "luxemburg": 0.1226230588888889, "mao": 0.10281666500000002, "marx_engels": 0.13432105972222216, "stalin": 0.08496270861111112, "thaelmann": NaN, "trotzki": 0.11387817833333329}, "lenin": {"lenin": NaN, "luxemburg": 0.13537141166666666, "mao": 0.1407949544444444, "marx_engels": 0.0874991094444444, "stalin": 0.11758586277777777, "thaelmann": NaN, "trotzki": 0.13544664000000003}, "luxemburg": {"luxemburg": NaN, "mao": 0.0979061808333333, "marx_engels": 0.0718843025, "stalin": 0.0757535688888889, "thaelmann": NaN, "trotzki": 0.10335730222222222}, "mao": {"mao": NaN, "marx_engels": 0.0868393836111111, "stalin": 0.11686458805555555, "thaelmann": NaN, "trotzki": 0.14530738361111115}, "marx_engels": {"marx_engels": NaN, "stalin": 0.07918509583333333, "thaelmann": NaN, "trotzki": 0.1105168625}, "stalin": {"stalin": NaN, "thaelmann": NaN, "trotzki": 0.12674435083333332}, "thaelmann": {"thaelmann": NaN, "trotzki": NaN}, "trotzki": {"trotzki": NaN}}}