{"Politische \u00d6konomie": {"kautsky": {"kautsky": NaN, "marx_engels": 0.222490260998408, "stalin": 0.138177161415418, "trotzki": 0.12250354140996933}, "marx_engels": {"marx_engels": NaN, "stalin": 0.06800957210361958, "trotzki": 0.04756103331844012}, "stalin": {"stalin": NaN, "trotzki": 0.12896471718947092}, "trotzki": {"trotzki": NaN}}, "Philosophie": {"kautsky": {"kautsky": NaN, "marx_engels": 0.13270187129577002, "stalin": 0.12083685398101807, "trotzki": 0.10075631737709045}, "marx_engels": {"marx_engels": NaN, "stalin": 0.1049310639500618, "trotzki": 0.11305716385444005}, "stalin": {"stalin": NaN, "trotzki": 0.11329397807518642}, "trotzki": {"trotzki": NaN}}, "Staatstheorie": {"kautsky": {"kautsky": NaN, "marx_engels": 0.13574649393558502, "stalin": 0.09964177509148915, "trotzki": 0.11160091683268547}, "marx_engels": {"marx_engels": NaN, "stalin": 0.061470985412597656, "trotzki": 0.10271714876095454}, "stalin": {"stalin": NaN, "trotzki": 0.12572678178548813}, "trotzki": {"trotzki": NaN}}, "Sozialismusverst\u00e4ndnis": {"kautsky": {"kautsky": NaN, "marx_engels": 0.15793564915657043, "stalin": 0.11288517713546753, "trotzki": 0.13452722132205963}, "marx_engels": {"marx_engels": NaN, "stalin": 0.07885879650712013, "trotzki": 0.10757791250944138}, "stalin": {"stalin": NaN, "trotzki": 0.16314999014139175}, "trotzki": {"trotzki": NaN}}, "Strategie und Taktik": {"kautsky": {"kautsky": NaN, "marx_engels": 0.1383067841331164, "stalin": 0.07935817974309127, "trotzki": 0.0904058242837588}, "marx_engels": {"marx_engels": NaN, "stalin": 0.102202869951725, "trotzki": 0.12574258695046106}, "stalin": {"stalin": NaN, "trotzki": 0.12438228726387024}, "trotzki": {"trotzki": NaN}}}